93, (0, 1, 2, 3, 4, 5, 6, 7), EOFPLPWEREESINACINSGWODTSUHNIITAALVLYSRECTEEDEPXEMOTHHTFVIISINISREBSSPELSMUORIERFIECUFIDSTLANOTTINDSTAGAINTDINAHALVTYUDIYYROUNNANOKTHWONBOIUTAGNTHHATEPORTIALOMMCIDOUILEDESNFIAMEROCOVERDFUORETRPREOPREVUSIWHOITOLOSHOFMALALECEVEIDTFCEDIFUITSALHOWPEERECATRRTAHHEICUTDEISPAPDFOTMPENNIORETASEHWHEIRDSITYEENELDARTMAIECYHONMSWYTLYHESNOESBCYTEPAFORRMSNANIATIOITVISOLTONTHEATECNOVBERTSESHCATEMOVEENGRONETEHACNATCTERSOMLYTHENIANJAURISLTHYECTUBNELVEDUOESRINMOCQUTARTAHFTTHEOREZOHNFIROHIRCHWMOTCWHFAWEWOORDTIRDTSHEIASATHLETSOISNWOHTGBURLLNESOUENEYSTNOVWWKREHEHYLTTAWILSETIHDSLLONAYYSWTUEHTTHMATELBASRTBFNU
84, (0, 1, 2, 6, 5, 7, 4, 3), EOFEWLPPREECAISNINSTDWGOSUHATINIALVERYLSCTEXPDEEEMOFTHTHVIISIISNREBLESSPSMUREROIFIEDIUCFSTLTTNAOINDAGTSAINTHAIDNALVIDYTUYYRANUONNOKNOHTWBOINGTUATHHOPTAERTIMMLAOCIDELUOIDESMAFNIEROREOCVDFURTROEPREVEPORUSITIHWOOLOMFHSOALAVEELCEIDDEFTCIFULATISHOWEREPECATHARRTHEIEDUCTISPOFPADTMPOINENRETWHSAEHEITIDRSYEEADENLRTMYCIAEHONTYSMWLYHEOSENSBCAPTYEFORANMRSNIATIITOVISNOLOTTHENCTAEOVBESRETSHCOMTAEVEENOGNRETEANAHCTCTMORESLYTAIEHNNJALSRUITHYBUCETNELOUEVDESRCONIMQUTHARATFTTEREHOZOHORFNIHIROMHCWTCWEWFHAWOORIDRTDTSSAEHIATHOSELTISNGTOWHBURSELLNOUETSENYNOVERWWKHEHATLYTWILHIESTDSLYAOLNYSWTHUTETHMBLTAEASRUNBTF
150, (0, 1, 2, 6, 7, 5, 4, 3), EOFEWPPLREECANSIINSTDOGWSUHATINIALVERSLYCTEXPEEDEMOFTHTHVIISINSIREBLEPSSSMUREIORFIEDIFCUSTLTTOANINDAGASTINTHANDIALVIDUTYYYRANNOUNOKNOWTHBOINGAUTTHHOPEATRTIMMOALCIDELIOUDESMAINFEROREVCODFURTEORPREVEROPUSITIOWHOLOMFOSHALAVECLEEIDDECTFIFULASITHOWEREPECATHATRRHEIEDTCUISPOFDAPTMPOINENRETWHEASHEITISRDYEEADLNERTMYCEAIHONTYWMSLYHEONESSBCAPEYTFORANSRMNIATIOTIVISNOTOLTHENCEATOVBESTERSHCOMEATVEENORNGETEANCHATCTMOSERLYTAINHENJALSIURTHYBUTECNELOUDVEESRCOMINQUTHATARFTTEROHEZOHORINFHIROMWCHTCWEWAHFWOORITRDDTSSAIHEATHOSTLEISNGTHWOBURSENLLOUETSYNENOVERKWWHEHATTYLWILHITSEDSLYANLOYSWTHETUTHMBLEATASRUNFTB
159, (0, 1, 3, 2, 7, 6, 5, 4), EOPFEWPLRESECANIINGSTDOWSUNHATIIALLVERSYCTEEXPEDEMTOFTHHVISISINIRESBLEPSSMOUREIRFICEDIFUSTALTTONINSDAGATINDTHANIALTVIDUYYYORANNUNOTKNOWHBOUINGATTHAHOPETRTAIMMOLCIODELIUDENSMAIFERCOREVODFOURTERPROEVERPUSWITIOHOLSOMFOHALLAVECEEITDDECFIFIULASTHOPWEREECARTHATRHECIEDTUISAPOFDPTMEPOINNREATWHESHERITISDYENEADLERTAMYCEIHOMNTYWSLYEHEONSSBYCAPETFORRANSMNITATIOIVIOSNOTLTHAENCETOVEBESTRSHACOMETVENENORGETHEANCATCETMOSRLYHTAINENJUALSIRTHEYBUTCNEVLOUDEESIRCOMNQUATHATRFTHTEROEZONHORIFHICROMWHTCHWEWAFWORORITDDTHSSAIEATLHOSTEISWNGTHOBULRSENLOUNETSYENOWVERKWHEYHATTLWISLHITEDSLLYANOYSTWTHEUTHAMBLETASTRUNFB
202, (0, 1, 4, 2, 3, 5, 6, 7), EOPLFPWERESIENACINGWSODTSUNIHITAALLYVSRECTEDEEPXEMTHOHTFVISIINISRESSBPELSMORUIERFICUEFIDSTANLOTTINSTDAGAINDITNAHALTYVUDIYYOURNNANOTHKWONBOUTIAGNTHATHEPORTALIOMMCIOUDILEDENFSIAMERCOOVERDFORUETRPROPEREVUSWHIOITOLSHOOFMALLEACEVEITFDCEDIFITUSALHOPEWERECARRTTAHHECUITDEISAPPDFOTMENPNIOREASTEHWHERDISITYENEELDARTAIMECYHOMSNWYTLYESHNOESBYTCEPAFORMRSNANITIAOITVIOLSTONTHATEECNOVERBTSESHATCEMOVENGERONETHAECNATCERTSOMLYHETNIANJURAISLTHECYTUBNEVELDUOESINRMOCQUARTTAHFTHETOREZONFHIROHICHRWMOTCHFWAWEWORDOTIRDTHESIASATLEHTSOISWONHTGBULLRNESOUNEEYSTNOWWVKREHEYLHTTAWISELTIHDSLOLNAYYSTUWEHTTHATMELBASTBRFNU
227, (0, 1, 4, 2, 3, 7, 6, 5), EOPLFEWPRESIECANINGWSTDOSUNIHATIALLYVERSCTEDEXPEEMTHOFTHVISIISINRESSBLEPSMORUREIFICUEDIFSTANLTTOINSTDAGAINDITHANALTYVIDUYYOURANNNOTHKNOWBOUTINGATHATHOPERTALIMMOCIOUDELIDENFSMAIERCOOREVDFORURTEPROPEVERUSWHITIOOLSHOMFOALLEAVECEITFDDECIFITULASHOPEWERECARRTHATHECUIEDTISAPPOFDTMENPOINREASTWHEHERDITISYENEEADLRTAIMYCEHOMSNTYWLYESHEONSBYTCAPEFORMRANSNITIATIOVIOLSNOTTHATENCEOVERBESTSHATCOMEVENGENORETHAEANCTCERTMOSLYHETAINNJURALSITHECYBUTNEVELOUDESINRCOMQUARTHATFTHETEROZONFHORIHICHROMWTCHFWEWAWORDORITDTHESSAIATLEHOSTISWONGTHBULLRSENOUNEETSYNOWWVERKHEYLHATTWISELHITDSLOLYANYSTUWTHETHATMBLEASTBRUNF
206, (0, 1, 7, 2, 3, 6, 5, 4), EOPLEWPFRESICANEINGWTDOSSUNIATIHALLYERSVCTEDXPEEEMTHFTHOVISISINIRESSLEPBSMORREIUFICUDIFESTANTTOLINSTAGADINDIHANTALTYIDUVYYOUANNRNOTHNOWKBOUTNGAITHATOPEHRTALMMOICIOUELIDDENFMAISERCOREVODFORRTEUPROPVEREUSWHTIOIOLSHMFOOALLEVECAEITFDECDIFITLASUHOPEEREWCARRHATTHECUEDTIISAPOFDPTMENOINPREASWHETHERDTISIYENEADLERTAIYCEMHOMSTYWNLYESEONHSBYTAPECFORMANSRNITITIOAVIOLNOTSTHATNCEEOVERESTBSHATOMECVENGNOREETHAANCETCERMOSTLYHEAINTNJURLSIATHECBUTYNEVEOUDLESINCOMRQUARHATTFTHEEROTZONFORIHHICHOMWRTCHFEWAWWORDRITODTHESAISATLEOSTHISWOGTHNBULLSENROUNETSYENOWWERKVHEYLATTHWISEHITLDSLOYANLYSTUTHEWTHATBLEMASTBUNFR
213, (1, 2, 5, 3, 4, 0, 7, 6), PEOPLFEWNRESIECAOINGWSTDISUNIHATSALLYVERECTEDEXPHEMTHOFTNVISIISIPRESSBLEISMORUREFFICUEDIOSTANLTTAINSTDAGNINDITHAUALTYVIDNYYOURANWNOTHKNOABOUTINGETHATHOPORTALIMMICIOUDELIDENFSMAVERCOOREEDFORURTRPROPEVEOUSWHITIOOLSHOMFCALLEAVECEITFDDESIFITULAEHOPEWERTCARRTHATHECUIEDDISAPPOFNTMENPOIEREASTWHSHERDITILYENEEADERTAIMYCWHOMSNTYNLYESHEOESBYTCAPSFORMRANONITIATITVIOLSNOETHATENCTOVERBESESHATCOMRVENGENOCETHAEANSTCERTMONLYHETAIINJURALSTTHECYBUDNEVELOUMESINRCOTQUARTHAOFTHETERIZONFHORWHICHROMATCHFWEWTWORDORIIDTHESSATATLEHOSHISWONGTNBULLRSEYOUNEETSKNOWWVERTHEYLHATTWISELHINDSLOLYAEYSTUWTHETHATMBLFASTBRUN
213, (1, 2, 6, 3, 4, 0, 5, 7), PEOPLWFENRESIAECOINGWDSTISUNITHASALLYRVEECTEDPEXHEMTHTOFNVISIIISPRESSEBLISMOREURFFICUIEDOSTANTLTAINSTGDANINDIATHUALTYDVINYYOUNRAWNOTHOKNABOUTGINETHATPHOORTALMIMICIOULDEIDENFASMVERCOEOREDFORTURRPROPEEVOUSWHIITOOLSHFOMCALLEEAVCEITFEDDSIFITAULEHOPERWETCARRATHTHECUDIEDISAPFPONTMENIPOEREASHTWSHERDIITLYENEDEAERTAICMYWHOMSYNTNLYESOHEESBYTPCASFORMNRAONITIIATTVIOLOSNETHATCENTOVERSBEESHATMCORVENGOENCETHANEASTCEROTMNLYHEITAINJURSALTTHECUYBDNEVEULOMESINORCTQUARATHOFTHERTEIZONFRHOWHICHMROATCHFWWETWORDIORIDTHEASSTATLESHOHISWOTNGNBULLERSYOUNESETKNOWWRVETHEYLTHATWISEILHNDSLOALYEYSTUHWTETHATLMBFASTBNRU
231, (2, 3, 0, 4, 5, 1, 6, 7), FPEOPLWEENRESIACSOINGWDTHISUNITAVSALLYREEECTEDPXOHEMTHTFINVISIISBPRESSELUISMOREREFFICUIDLOSTANTTDAINSTGATNINDIAHVUALTYDIRNYYOUNAKWNOTHONIABOUTGNHETHATPOIORTALMMDICIOULESIDENFAMOVERCOERUEDFORTRERPROPEVIOUSWHITOOOLSHFMACALLEEVDCEITFEDUSIFITALWEHOPERETTCARRAHITHECUDEPDISAPFOPNTMENIOTEREASHWISHERDITELYENEDAMERTAICYNWHOMSYTHNLYESOECESBYTPARSFORMNAAONITIITSTVIOLONEETHATCNBTOVERSECESHATMOERVENGONECETHANATSTCEROMTNLYHEIAAINJURSLYTTHECUBLDNEVEUORMESINOCTTQUARAHTOFTHEREHIZONFRORWHICHMOWATCHFWEOTWORDIRSIDTHEASHTATLESONHISWOTGRNBULLESEYOUNESTVKNOWWREHTHEYLTALTWISEIHLNDSLOAYWEYSTUHTMETHATLBRFASTBNU
215, (2, 3, 0, 4, 5, 1, 7, 6), FPEOPLEWENRESICASOINGWTDHISUNIATVSALLYEREECTEDXPOHEMTHFTINVISISIBPRESSLEUISMORREEFFICUDILOSTANTTDAINSTAGTNINDIHAVUALTYIDRNYYOUANKWNOTHNOIABOUTNGHETHATOPIORTALMMDICIOUELSIDENFMAOVERCOREUEDFORRTERPROPVEIOUSWHTIOOOLSHMFACALLEVEDCEITFDEUSIFITLAWEHOPEERTTCARRHAITHECUEDPDISAPOFPNTMENOITEREASWHISHERDTIELYENEADMERTAIYCNWHOMSTYHNLYESEOCESBYTAPRSFORMANAONITITISTVIOLNOEETHATNCBTOVERESCESHATOMERVENGNOECETHAANTSTCERMOTNLYHEAIAINJURLSYTTHECBULDNEVEOURMESINCOTTQUARHATOFTHEERHIZONFORRWHICHOMWATCHFEWOTWORDRISIDTHESAHTATLEOSNHISWOGTRNBULLSEEYOUNETSVKNOWWERHTHEYLATLTWISEHILNDSLOYAWEYSTUTHMETHATBLRFASTBUN
222, (2, 3, 6, 4, 5, 1, 0, 7), WPEOPLFEANRESIECDOINGWSTTISUNIHARSALLYVEPECTEDEXTHEMTHOFINVISIISEPRESSBLEISMORURIFFICUEDTOSTANLTGAINSTDAANINDITHDUALTYVINNYYOURAOWNOTHKNGABOUTINPETHATHOMORTALIMLICIOUDEAIDENFSMEVERCOORTEDFORURERPROPEVIOUSWHITFOOLSHOMECALLEAVECEITFDDASIFITULREHOPEWEATCARRTHDTHECUIEFDISAPPOINTMENPOHEREASTWISHERDITDLYENEEACERTAIMYYWHOMSNTONLYESHEPESBYTCANSFORMRAIONITIATOTVIOLSNCETHATENSTOVERBEMESHATCOORVENGENNCETHAEAOSTCERTMINLYHETASINJURALUTTHECYBUDNEVELOOMESINRCATQUARTHROFTHETERIZONFHOMWHICHROWATCHFWEITWORDORAIDTHESSSTATLEHOTHISWONGENBULLRSSYOUNEETRKNOWWVETTHEYLHAITWISELHANDSLOLYHEYSTUWTLETHATMBNFASTBRU
220, (2, 3, 6, 4, 5, 1, 7, 0), EPEOPLFWCNRESIEATOINGWSDAISUNIHTESALLYVRXECTEDEPFHEMTHOTSNVISIIILPRESSBERISMORUEDFFICUEITOSTANLTAAINSTDGHNINDITAIUALTYVDANYYOURNNWNOTHKONABOUTIGOETHATHPMORTALIMEICIOUDLMIDENFSARVERCOOEREDFORUTVRPROPEETOUSWHIIMOOLSHOFVCALLEAEDCEITFDELSIFITUAEEHOPEWRHTCARRTAETHECUIDODISAPPFONTMENPIWEREASTHTSHERDIIALYENEEDYERTAIMCTWHOMSNYENLYESHOAESBYTCPASFORMRNTONITIAINTVIOLSONETHATECETOVERBSOESHATCMNRVENGEOACETHAENMSTCERTOANLYHETILINJURASBTTHECYUODNEVELUCMESINROHTQUARTAEOFTHETROIZONFHROWHICHRMEATCHFWWRTWORDOISIDTHESAOTATLEHSGHISWONTSNBULLRETYOUNEESEKNOWWVRATHEYLHTHTWISELIYNDSLOLATEYSTUWHBETHATMLUFASTBRN
222, (2, 3, 7, 4, 5, 1, 0, 6), WPEOPLEFANRESICEDOINGWTSTISUNIAHRSALLYEVPECTEDXETHEMTHFOINVISISIEPRESSLBEISMORRUIFFICUDETOSTANTLGAINSTADANINDIHTDUALTYIVNNYYOUAROWNOTHNKGABOUTNIPETHATOHMORTALMILICIOUEDAIDENFMSEVERCOROTEDFORRUERPROPVEIOUSWHTIFOOLSHMOECALLEVAECEITFDDASIFITLUREHOPEEWATCARRHTDTHECUEIFDISAPOPINTMENOPHEREASWTISHERDTIDLYENEAECERTAIYMYWHOMSTNONLYESEHPESBYTACNSFORMARIONITITAOTVIOLNSCETHATNESTOVEREBMESHATOCORVENGNENCETHAAEOSTCERMTINLYHEATSINJURLAUTTHECBYUDNEVEOLOMESINCRATQUARHTROFTHEETRIZONFOHMWHICHORWATCHFEWITWORDROAIDTHESSSTATLEOHTHISWOGNENBULLSRSYOUNETERKNOWWEVTTHEYLAHITWISEHLANDSLOYLHEYSTUTWLETHATBMNFASTBUR
229, (2, 3, 7, 4, 5, 1, 6, 0), EPEOPLWFCNRESIAETOINGWDSAISUNITHESALLYRVXECTEDPEFHEMTHTOSNVISIIILPRESSEBRISMOREUDFFICUIETOSTANTLAAINSTGDHNINDIATIUALTYDVANYYOUNRNWNOTHOKNABOUTGIOETHATPHMORTALMIEICIOULDMIDENFASRVERCOEOREDFORTUVRPROPEETOUSWHIIMOOLSHFOVCALLEEADCEITFEDLSIFITAUEEHOPERWHTCARRATETHECUDIODISAPFPONTMENIPWEREASHTTSHERDIIALYENEDEYERTAICMTWHOMSYNENLYESOHAESBYTPCASFORMNRTONITIIANTVIOLOSNETHATCEETOVERSBOESHATMCNRVENGOEACETHANEMSTCEROTANLYHEITLINJURSABTTHECUYODNEVEULCMESINORHTQUARATEOFTHERTOIZONFRHOWHICHMREATCHFWWRTWORDIOSIDTHEASOTATLESHGHISWOTNSNBULLERTYOUNESEEKNOWWRVATHEYLTHHTWISEILYNDSLOALTEYSTUHWBETHATLMUFASTBNR
227, (3, 0, 4, 1, 2, 7, 6, 5), OPLEFEWPESIRECANNGWISTDOUNISHATILLYAVERSTEDCEXPEMTHEOFTHISIVISINESSRBLEPMORSUREIICUFEDIFTANSLTTONSTIDAGANDIITHANLTYAVIDUYOUYRANNOTHNKNOWOUTBINGAHATTHOPETALRIMMOIOUCDELIENFDSMAIRCOEOREVFORDURTEROPPEVERSWHUITIOLSHOOMFOLLEAAVECITFEDDECFITIULASOPEHWEREARRCTHATECUHIEDTSAPIPOFDMENTPOINEASRTWHEERDHITISENEYEADLTAIRMYCEOMSHNTYWYESLHEONBYTSCAPEORMFRANSITINATIOIOLVSNOTHATTENCEVEROBESTHATSCOMEENGVENORTHAEEANCCERTTMOSYHELTAINJURNALSIHECTYBUTEVENLOUDSINERCOMUARQTHATTHEFTEROONFZHORIICHHROMWCHFTWEWAORDWORITTHEDSSAITLEAHOSTSWOINGTHULLBRSENUNEOETSYOWWNVERKEYLHHATTISEWLHITSLODLYANSTUYWTHEHATTMBLESTBARUNF
240, (3, 4, 0, 5, 6, 2, 1, 7), FWPEOPLEEANRESICSDOINGWTHTISUNIAVRSALLYEEPECTEDXOTHEMTHFIINVISISBEPRESSLUEISMORREIFFICUDLTOSTANTDGAINSTATANINDIHVDUALTYIRNNYYOUAKOWNOTHNIGABOUTNHPETHATOIMORTALMDLICIOUESAIDENFMOEVERCORUTEDFORREERPROPVIIOUSWHTOFOOLSHMAECALLEVDECEITFDUASIFITLWREHOPEETATCARRHIDTHECUEPFDISAPOPINTMENOTHEREASWIISHERDTEDLYENEAMCERTAIYNYWHOMSTHONLYESECPESBYTARNSFORMAAIONITITSOTVIOLNECETHATNBSTOVERECMESHATOEORVENGNENCETHAATOSTCERMTINLYHEAASINJURLYUTTHECBLUDNEVEOROMESINCTATQUARHTROFTHEEHRIZONFORMWHICHOWWATCHFEOITWORDRSAIDTHESHSTATLEONTHISWOGRENBULLSESYOUNETVRKNOWWEHTTHEYLALITWISEHLANDSLOYWHEYSTUTMLETHATBRNFASTBU
229, (3, 4, 0, 5, 6, 2, 7, 1), FEPEOPLWECNRESIASTOINGWDHAISUNITVESALLYREXECTEDPOFHEMTHTISNVISIIBLPRESSEURISMOREEDFFICUILTOSTANTDAAINSTGTHNINDIAVIUALTYDRANYYOUNKNWNOTHOINABOUTGHOETHATPIMORTALMDEICIOULSMIDENFAORVERCOEUREDFORTEVRPROPEITOUSWHIOMOOLSHFAVCALLEEDDCEITFEULSIFITAWEEHOPERTHTCARRAIETHECUDPODISAPFPONTMENITWEREASHITSHERDIEALYENEDMYERTAICNTWHOMSYHENLYESOCAESBYTPRASFORMNATONITIISNTVIOLOENETHATCBETOVERSCOESHATMENRVENGOEACETHANTMSTCEROTANLYHEIALINJURSYBTTHECULODNEVEURCMESINOTHTQUARATEOFTHERHOIZONFRROWHICHMWEATCHFWORTWORDISSIDTHEAHOTATLESNGHISWOTRSNBULLEETYOUNESVEKNOWWRHATHEYLTLHTWISEILYNDSLOAWTEYSTUHMBETHATLRUFASTBN
220, (3, 4, 6, 5, 7, 2, 1, 0), EWPEOPFLCANRESEITDOINGSWATISUNHIERSALLVYXPECTEEDFTHEMTOHSINVISIILEPRESBSREISMOURDIFFICEUTTOSTALNAGAINSDTHANINDTIIDUALTVYANNYYORUNOWNOTKHNGABOUITOPETHAHTMMORTAILELICIODUMAIDENSFREVERCOORTEDFOURVERPROEPTIOUSWIHMFOOLSOHVECALLAEDECEITDFLASIFIUTEREHOPWEHATCARTREDTHECIUOFDISAPPOINTMEPNWHEREATSTISHERIDADLYENEEYCERTAMITYWHOMNSEONLYEHSAPESBYCTANSFORRMTIONITAINOTVIOSLNCETHAETESTOVEBROMESHACTNORVENEGANCETHEAMOSTCETRAINLYHTELSINJUARBUTTHEYCOUDNEVLECOMESIRNHATQUATREROFTHTEORIZONHFOMWHICRHEWATCHWFRITWORODSAIDTHSEOSTATLHEGTHISWNOSENBULRLTSYOUNEEERKNOWVWATTHEYHLHITWISLEYANDSLLOTHEYSTWUBLETHAMTUNFASTRB
220, (3, 4, 7, 5, 6, 2, 0, 1), WEPEOPLFACNRESIEDTOINGWSTAISUNIHRESALLYVPXECTEDETFHEMTHOISNVISIIELPRESSBERISMORUIDFFICUETTOSTANLGAAINSTDAHNINDITDIUALTYVNANYYOURONWNOTHKGNABOUTIPOETHATHMMORTALILEICIOUDAMIDENFSERVERCOOTREDFORUEVRPROPEITOUSWHIFMOOLSHOEVCALLEAEDCEITFDALSIFITUREEHOPEWAHTCARRTDETHECUIFODISAPPIONTMENPHWEREASTITSHERDIDALYENEECYERTAIMYTWHOMSNOENLYESHPAESBYTCNASFORMRITONITIAONTVIOLSCNETHATESETOVERBMOESHATCONRVENGENACETHAEOMSTCERTIANLYHETSLINJURAUBTTHECYUODNEVELOCMESINRAHTQUARTREOFTHETROIZONFHMOWHICHRWEATCHFWIRTWORDOASIDTHESSOTATLEHTGHISWONESNBULLRSTYOUNEEREKNOWWVTATHEYLHIHTWISELAYNDSLOLHTEYSTUWLBETHATMNUFASTBR
288, (3, 4, 7, 5, 6, 2, 1, 0), EWPEOPLFCANRESIETDOINGWSATISUNIHERSALLYVXPECTEDEFTHEMTHOSINVISIILEPRESSBREISMORUDIFFICUETTOSTANLAGAINSTDHANINDITIDUALTYVANNYYOURNOWNOTHKNGABOUTIOPETHATHMMORTALIELICIOUDMAIDENFSREVERCOORTEDFORUVERPROPETIOUSWHIMFOOLSHOVECALLEADECEITFDLASIFITUEREHOPEWHATCARRTEDTHECUIOFDISAPPOINTMENPWHEREASTTISHERDIADLYENEEYCERTAIMTYWHOMSNEONLYESHAPESBYTCANSFORMRTIONITIANOTVIOLSNCETHATEESTOVERBOMESHATCNORVENGEANCETHAEMOSTCERTAINLYHETLSINJURABUTTHECYOUDNEVELCOMESINRHATQUARTEROFTHETORIZONFHOMWHICHREWATCHFWRITWORDOSAIDTHESOSTATLEHGTHISWONSENBULLRTSYOUNEEERKNOWWVATTHEYLHHITWISELYANDSLOLTHEYSTUWBLETHATMUNFASTBR
279, (4, 5, 0, 6, 7, 3, 1, 2), FWEPEOPLEACNRESISDTOINGWHTAISUNIVRESALLYEPXECTEDOTFHEMTHIISNVISIBELPRESSUERISMOREIDFFICULTTOSTANDGAAINSTTAHNINDIVDIUALTYRNANYYOUKONWNOTHIGNABOUTHPOETHATIMMORTALDLEICIOUSAMIDENFOERVERCOUTREDFOREEVRPROPIITOUSWHOFMOOLSHAEVCALLEDEDCEITFUALSIFITWREEHOPETAHTCARRIDETHECUPFODISAPPIONTMENTHWEREASIITSHERDEDALYENEMCYERTAINYTWHOMSHOENLYESCPAESBYTRNASFORMAITONITISONTVIOLECNETHATBSETOVERCMOESHATEONRVENGENACETHATOMSTCERTIANLYHEASLINJURYUBTTHECLUODNEVEROCMESINTAHTQUARTREOFTHEHROIZONFRMOWHICHWWEATCHFOIRTWORDSASIDTHEHSOTATLENTGHISWORESNBULLESTYOUNEVREKNOWWHTATHEYLLIHTWISELAYNDSLOWHTEYSTUMLBETHATRNUFASTB
527, (4, 5, 0, 6, 7, 3, 2, 1), FEWPEOPLECANRESISTDOINGWHATISUNIVERSALLYEXPECTEDOFTHEMTHISINVISIBLEPRESSUREISMOREDIFFICULTTOSTANDAGAINSTTHANINDIVIDUALTYRANNYYOUKNOWNOTHINGABOUTHOPETHATIMMORTALDELICIOUSMAIDENFOREVERCOURTEDFOREVERPROPITIOUSWHOMFOOLSHAVECALLEDDECEITFULASIFITWEREHOPETHATCARRIEDTHECUPOFDISAPPOINTMENTWHEREASITISHERDEADLYENEMYCERTAINTYWHOMSHEONLYESCAPESBYTRANSFORMATIONITISNOTVIOLENCETHATBESTOVERCOMESHATENORVENGEANCETHATMOSTCERTAINLYHEALSINJURYBUTTHECLOUDNEVERCOMESINTHATQUARTEROFTHEHORIZONFROMWHICHWEWATCHFORITWORDSSAIDTHEHOSTATLENGTHISWORSENBULLETSYOUNEVERKNOWWHATTHEYLLHITWISELYANDSLOWTHEYSTUMBLETHATRUNFASTB
